article,link,summary
Title: COVID-19 omicron variant: Steps you can take to protect yourself,https://www.foxnews.com/health/covid-19-omicron-variant-steps-protect-yourself,Brief: How can I protect myself from the new omicron variant? 
Title: COVID-19 omicron variant: Steps you can take to protect yourself,https://www.foxnews.com/health/covid-19-omicron-variant-steps-protect-yourself,"Brief: The same way you guard against COVID-19 caused by any other variant: Get vaccinated if you haven’t yet, get a booster if you’re eligible, and step up other precautions you may have relaxed, like wearing a mask and avoiding crowds. "
Title: COVID-related stress weighs heavily on Gen Z,https://www.foxnews.com/health/covid-related-stress-weighs-heavily-gen-z,"Brief: Isolation. Anxiety. Uncertainty. The stresses of the coronavirus pandemic have taken a toll on Americans of all ages, but a new poll finds that teens and young adults have faced some of the heaviest struggles as they come of age during a time of extreme turmoil. "
Title: COVID-related stress weighs heavily on Gen Z,https://www.foxnews.com/health/covid-related-stress-weighs-heavily-gen-z,"Brief: Overall, more than a third of Americans ages 13 to 56 cite the pandemic as a major source of stress, and many say it has made certain parts of their lives harder. But when it comes to education, friendships and dating, the disruption has had a pronounced impact among Generation Z, according to a new survey from MTV Entertainment Group and The Associated Press-NORC Center for Public Affairs Research. "
"Title: Omicron variant infects 2 fully vaccinated individuals in separate Hong Kong hotel rooms, report says",https://www.foxnews.com/health/omicron-infects-2-fully-vaccinated-individuals-in-separate-hotel-rooms-report-says,"Brief: While health officials continue to study the COVID-19 variant called omicron, researchers in Hong Kong said the mutation infected two fully vaccinated people staying across the hall from each other inside a quarantine hotel in the city, according to a report."
"Title: Omicron variant infects 2 fully vaccinated individuals in separate Hong Kong hotel rooms, report says",https://www.foxnews.com/health/omicron-infects-2-fully-vaccinated-individuals-in-separate-hotel-rooms-report-says,"Brief: Researchers from the University of Hong Kong published a report that said these individuals never exited their rooms and must have come down with the virus through airborne transmission when they opened their doors for food or COVID-19 tests, Bloomberg reported. The study highlighted the ""potential concern"" about its transmissibility, the researchers wrote, according to the report."
Title: From conception to birth: A look at the stages of pregnancy,https://www.foxnews.com/health/conception-birth-look-stages-pregnancy,Brief: How does a baby develop inside the womb? Fox News looks at the various stages of development from conception to birth.
Title: From conception to birth: A look at the stages of pregnancy,https://www.foxnews.com/health/conception-birth-look-stages-pregnancy,"Brief: Pregnancy tends to follow a well-understood and predictable course. But according to experts at Cleveland Clinic and the Mayo Clinic, many are surprised to learn that the start of pregnancy is about two weeks ahead of when conception actually occurs. The first day of a female’s last menstrual period is when pregnancy is considered to begin. This is referred to as the gestational age, or menstrual age, and is calculated into the pregnancy length and due date, according to both health systems’ websites."
"Title: COVID-19 Omicron variant: New York, tri-state area confirm more cases as hospitals strain from delta surge",https://www.foxnews.com/health/covid-omicron-new-york-tri-state-hospitals-strain-delta-surge,Brief: The tri-state area has counted just under a dozen cases of the COVID-19 omicron variant as hospitals continue to feel the strain from the delta surge. 
"Title: COVID-19 Omicron variant: New York, tri-state area confirm more cases as hospitals strain from delta surge",https://www.foxnews.com/health/covid-omicron-new-york-tri-state-hospitals-strain-delta-surge,"Brief: Health officials have confirmed cases of the omicron variant in over a dozen states, including New York, New Jersey, and Connecticut. New York City, where a Minnesota case of omicron originated, alone has confirmed seven cases. "
"Title: Fauci says officials feel 'very badly' about African travel ban, will reevaluate policy",https://www.foxnews.com/health/fauci-officials-african-travel-ban-reevaluate,Brief: Dr. Anthony Fauci revealed that officials are re-evaluating the travel ban on several southern African countries after a dozen other countries confirmed cases of the COVID-19 omicron variant. 
"Title: Fauci says officials feel 'very badly' about African travel ban, will reevaluate policy",https://www.foxnews.com/health/fauci-officials-african-travel-ban-reevaluate,"Brief: The United States – along with dozens of others across Europe and Asia – implemented travel bans against travelers from seven southern African nations after the World Health Organization (WHO) confirmed the existence of a new variant, later designated omicron. "
